{
  "project_info": {
    "project_number": "955104394174",
    "project_id": "healthcare-project-36593",
    "storage_bucket": "healthcare-project-36593.appspot.com"
  },
  "client": [
    {
      "client_info": {
        "mobilesdk_app_id": "1:955104394174:android:34c1410fa5ee1030e957ef",
        "android_client_info": {
          "package_name": "com.example.healthcareproject"
        }
      },
      "oauth_client": [],
      "api_key": [
        {
          "current_key": "AIzaSyB4QhE8jhY_Ua251b_iFqevTXoi2VulUK0"
        }
      ],
      "services": {
        "appinvite_service": {
          "other_platform_oauth_client": []
        }
      }
    }
  ],
  "configuration_version": "1"
}